BookingID,RideID,PassengerID,BookingTime,Status
1,18,9,2026-05-11 21:02:19,confirmed
2,34,9,2026-05-11 21:01:28,cancelled
3,73,12,2026-05-11 21:01:26,cancelled
4,26,54,2026-05-11 21:04:24,cancelled
5,41,29,2026-05-11 21:01:25,confirmed
6,31,7,2026-05-11 21:01:27,cancelled
7,43,33,2026-05-11 21:03:37,cancelled
8,18,100,2026-05-11 20:59:45,confirmed
9,16,33,2026-05-11 21:02:31,cancelled
10,59,71,2026-05-11 21:01:00,cancelled
11,35,79,2026-05-11 21:02:28,cancelled
12,77,68,2026-05-11 21:02:13,confirmed
13,69,97,2026-05-11 20:59:39,confirmed
14,29,95,2026-05-11 20:59:04,cancelled
15,75,4,2026-05-11 21:02:25,cancelled
16,19,12,2026-05-11 21:01:46,cancelled
17,3,71,2026-05-11 21:02:49,cancelled
18,55,50,2026-05-11 20:59:15,cancelled
19,37,76,2026-05-11 21:02:10,confirmed
20,34,67,2026-05-11 21:03:54,confirmed
21,50,100,2026-05-11 21:01:04,confirmed
22,51,83,2026-05-11 21:04:30,confirmed
23,63,78,2026-05-11 20:58:50,confirmed
24,49,75,2026-05-11 21:00:02,cancelled
25,16,68,2026-05-11 21:04:23,confirmed
26,44,17,2026-05-11 21:00:45,confirmed
27,41,15,2026-05-11 21:03:17,confirmed
28,8,59,2026-05-11 20:58:49,cancelled
29,30,63,2026-05-11 21:00:24,cancelled
30,29,79,2026-05-11 21:04:01,cancelled
31,5,83,2026-05-11 21:02:26,cancelled
32,66,30,2026-05-11 21:00:34,confirmed
33,44,30,2026-05-11 21:02:32,cancelled
34,55,9,2026-05-11 21:00:26,confirmed
35,65,21,2026-05-11 20:58:44,confirmed
36,40,18,2026-05-11 21:00:06,cancelled
37,4,34,2026-05-11 20:58:53,confirmed
38,41,35,2026-05-11 21:01:27,cancelled
39,5,33,2026-05-11 21:01:44,cancelled
40,12,16,2026-05-11 20:59:56,confirmed
41,62,88,2026-05-11 21:01:44,confirmed
42,75,85,2026-05-11 21:02:53,confirmed
43,17,100,2026-05-11 21:02:26,confirmed
44,70,59,2026-05-11 21:02:41,confirmed
45,20,7,2026-05-11 21:02:09,cancelled
46,39,9,2026-05-11 21:03:37,cancelled
47,73,80,2026-05-11 20:59:07,cancelled
48,14,64,2026-05-11 21:02:20,confirmed
49,10,80,2026-05-11 20:58:44,confirmed
50,15,100,2026-05-11 21:00:20,confirmed
51,59,50,2026-05-11 21:04:11,confirmed
52,45,76,2026-05-11 21:02:04,cancelled
53,36,31,2026-05-11 21:04:26,confirmed
54,34,79,2026-05-11 21:01:13,cancelled
55,16,44,2026-05-11 20:59:42,confirmed
56,71,44,2026-05-11 21:03:42,confirmed
57,39,8,2026-05-11 21:04:12,confirmed
58,52,97,2026-05-11 21:03:30,cancelled
59,28,9,2026-05-11 21:00:01,cancelled
60,49,56,2026-05-11 20:58:48,cancelled
61,16,75,2026-05-11 20:59:28,confirmed
62,11,59,2026-05-11 21:01:41,confirmed
63,52,74,2026-05-11 21:00:18,confirmed
64,2,8,2026-05-11 21:02:42,confirmed
65,17,56,2026-05-11 21:02:43,confirmed
66,50,80,2026-05-11 21:02:31,confirmed
67,59,6,2026-05-11 21:00:20,confirmed
68,73,93,2026-05-11 20:59:54,confirmed
69,49,6,2026-05-11 21:03:00,cancelled
70,58,34,2026-05-11 20:58:35,cancelled
71,75,74,2026-05-11 20:58:43,confirmed
72,71,6,2026-05-11 20:59:49,confirmed
73,7,97,2026-05-11 21:00:47,cancelled
74,69,50,2026-05-11 20:59:44,cancelled
75,20,80,2026-05-11 21:00:04,cancelled
76,67,15,2026-05-11 21:02:13,cancelled
77,16,35,2026-05-11 21:01:51,confirmed
78,3,55,2026-05-11 21:03:37,confirmed
79,24,100,2026-05-11 21:03:43,confirmed
80,34,74,2026-05-11 21:00:25,confirmed
81,68,27,2026-05-11 20:58:49,cancelled
82,21,29,2026-05-11 21:01:25,confirmed
83,67,78,2026-05-11 20:59:56,cancelled
84,55,17,2026-05-11 21:03:32,cancelled
85,70,93,2026-05-11 21:02:50,confirmed
86,56,44,2026-05-11 21:00:59,confirmed
87,77,74,2026-05-11 21:03:00,confirmed
88,80,13,2026-05-11 21:00:15,confirmed
89,16,44,2026-05-11 21:01:33,confirmed
90,71,79,2026-05-11 21:03:48,confirmed
91,46,29,2026-05-11 21:02:17,cancelled
92,21,97,2026-05-11 21:02:22,cancelled
93,55,85,2026-05-11 21:01:45,confirmed
94,27,100,2026-05-11 21:02:10,confirmed
95,39,96,2026-05-11 21:02:18,confirmed
96,3,74,2026-05-11 20:59:22,confirmed
97,27,44,2026-05-11 21:01:37,confirmed
98,36,63,2026-05-11 20:59:57,confirmed
99,17,6,2026-05-11 21:02:27,cancelled
100,77,29,2026-05-11 21:02:53,cancelled
