VerificationID,UserID,DocumentType,DocumentNumber,Status,SubmittedAt
1,1,student_card,9322-0339976-7,pending,2025-09-30 01:03:14
2,2,student_card,0457-3431409-3,pending,2026-03-10 03:39:18
3,3,passport,7514-7138748-9,rejected,2025-08-25 09:41:48
4,4,passport,4767-3099449-0,pending,2025-08-20 18:08:37
5,5,CNIC,6998-2258481-1,rejected,2025-11-02 13:52:53
6,6,CNIC,9337-3136486-9,pending,2025-11-24 00:28:48
7,7,student_card,3802-9115000-9,verified,2026-03-23 18:27:18
8,8,student_card,8609-9603137-2,verified,2026-03-28 13:30:18
9,9,student_card,4743-3079135-6,verified,2026-03-05 06:29:10
10,10,passport,6758-2778300-6,pending,2025-09-01 02:47:34
11,11,passport,0673-7942664-2,rejected,2026-03-21 13:04:27
12,12,student_card,8394-1799087-4,rejected,2026-01-20 15:14:09
13,13,CNIC,1642-2229366-4,rejected,2025-07-25 22:28:03
14,14,student_card,3398-6517570-3,verified,2025-10-05 19:25:32
15,15,passport,0300-3991085-4,verified,2025-06-24 19:29:09
16,16,student_card,2317-7204102-9,rejected,2025-06-28 07:45:40
17,17,student_card,2493-6621550-8,pending,2025-12-24 04:29:02
18,18,passport,9927-0274481-5,verified,2025-10-31 04:09:08
19,19,passport,2213-9024384-0,verified,2025-10-08 07:27:06
20,20,passport,4535-0810508-3,pending,2026-05-09 04:59:10
21,21,CNIC,7342-6215083-4,rejected,2026-01-10 01:35:18
22,22,passport,9571-6231357-7,pending,2026-03-05 23:44:38
23,23,student_card,9236-0335098-4,rejected,2026-01-30 08:22:52
24,24,student_card,5811-3417004-6,pending,2025-07-25 19:35:34
25,25,passport,9639-1059214-3,rejected,2025-07-10 17:55:37
26,26,CNIC,8121-2093504-2,pending,2025-05-30 00:35:57
27,27,student_card,9267-4207696-9,pending,2025-09-25 19:16:40
28,28,student_card,0642-2982120-5,rejected,2025-10-11 12:05:51
29,29,student_card,7228-0724844-5,pending,2025-08-06 22:38:43
30,30,student_card,0466-6592547-3,pending,2025-10-23 21:12:32
31,31,passport,6665-6914261-9,verified,2025-09-19 07:23:21
32,32,CNIC,0561-4799065-6,verified,2025-12-05 19:22:23
33,33,passport,8878-8044775-4,verified,2025-08-25 15:38:52
34,34,passport,2344-4116068-7,rejected,2026-04-20 22:33:17
35,35,passport,8226-4906442-2,pending,2026-03-22 12:53:52
36,36,student_card,8377-3076468-5,verified,2025-09-07 16:45:15
37,37,CNIC,9413-5046768-3,verified,2025-07-10 01:24:47
38,38,student_card,7961-1203957-9,verified,2025-11-23 12:14:24
39,39,passport,4970-1213474-3,verified,2025-10-02 21:08:33
40,40,student_card,0274-4711416-8,rejected,2026-02-22 10:42:22
41,41,student_card,3351-7055719-9,pending,2025-11-09 17:55:01
42,42,passport,6444-5370449-9,verified,2026-05-03 15:46:58
43,43,passport,7425-8750185-9,rejected,2025-06-18 16:44:46
44,44,CNIC,9297-7006396-8,verified,2026-04-18 00:28:05
45,45,CNIC,2387-9885487-4,verified,2025-09-26 14:32:54
46,46,student_card,8392-0285080-2,verified,2025-12-08 15:44:35
47,47,passport,8188-8639337-6,rejected,2025-11-26 09:30:35
48,48,passport,3850-9050266-1,verified,2026-04-05 15:10:33
49,49,student_card,7736-3343983-8,rejected,2025-06-18 05:47:45
50,50,passport,5644-4562070-3,rejected,2026-01-21 06:04:49
51,51,CNIC,5713-8537826-2,verified,2025-05-23 16:45:53
52,52,student_card,8881-5187588-7,pending,2025-07-07 11:12:46
53,53,student_card,8957-1644568-2,pending,2026-05-10 09:31:25
54,54,passport,2733-1020570-3,pending,2025-11-06 21:34:48
55,55,student_card,2046-6833051-3,pending,2025-10-02 16:37:30
56,56,student_card,5519-8032802-3,verified,2025-07-01 15:27:57
57,57,student_card,0796-4236317-2,verified,2025-10-22 20:20:34
58,58,student_card,1862-3690201-0,verified,2025-08-07 02:51:34
59,59,passport,8612-4710781-3,pending,2025-05-21 09:17:27
60,60,passport,4526-7032402-8,verified,2025-11-27 01:45:38
61,61,passport,6306-9143537-6,verified,2025-12-04 13:08:13
62,62,student_card,2656-2120228-8,rejected,2026-03-10 01:04:08
63,63,passport,2925-6791197-1,verified,2025-12-11 15:05:22
64,64,CNIC,5281-6219307-1,verified,2025-10-19 00:56:33
65,65,passport,6506-1458725-5,verified,2026-01-07 04:11:14
66,66,CNIC,8771-8624325-4,pending,2026-02-08 05:55:35
67,67,student_card,0596-1393007-5,rejected,2025-12-21 15:43:23
68,68,student_card,8836-1141497-7,pending,2025-05-14 22:09:54
69,69,CNIC,1081-8048874-5,rejected,2026-02-24 00:38:33
70,70,student_card,3284-0782845-3,verified,2025-08-21 23:35:23
71,71,student_card,0971-7257886-0,verified,2026-03-10 15:18:28
72,72,passport,3317-2540024-8,rejected,2026-04-03 13:40:52
73,73,student_card,6654-2437203-6,rejected,2025-10-13 04:37:22
74,74,student_card,1217-8791741-8,pending,2026-02-17 16:04:11
75,75,student_card,2320-2046290-3,rejected,2026-02-25 02:11:21
76,76,passport,7357-9916976-5,rejected,2026-02-27 23:28:19
77,77,passport,5454-5643498-6,rejected,2026-02-11 04:53:57
78,78,CNIC,4893-6946192-5,pending,2026-01-21 04:05:03
79,79,student_card,3318-5630221-5,verified,2025-06-20 03:02:08
80,80,student_card,9101-4452266-6,verified,2025-10-04 00:22:20
81,81,passport,3982-2036273-5,verified,2026-05-02 03:20:44
82,82,passport,5413-4776989-2,rejected,2026-01-14 11:34:56
83,83,passport,2134-6320684-3,pending,2026-03-02 12:32:05
84,84,CNIC,0324-4519078-1,pending,2025-11-28 20:13:30
85,85,student_card,3432-9601055-6,verified,2025-09-15 20:40:49
86,86,CNIC,9968-6812848-7,pending,2025-09-28 21:37:12
87,87,passport,1802-5963069-9,pending,2025-05-17 22:16:38
88,88,passport,4277-2654806-5,verified,2025-10-10 17:32:02
89,89,student_card,1734-7072355-9,verified,2025-07-12 23:33:49
90,90,passport,4254-8244840-5,pending,2025-10-24 18:13:41
91,91,passport,2898-7319059-0,verified,2025-07-31 05:19:46
92,92,student_card,6573-2846276-2,rejected,2025-11-17 15:53:46
93,93,student_card,5683-4323788-9,verified,2026-02-04 11:24:38
94,94,CNIC,1128-9028461-8,pending,2025-07-27 07:02:33
95,95,student_card,6024-1458787-1,verified,2026-04-02 13:19:10
96,96,student_card,4069-0519699-2,rejected,2025-09-13 06:35:22
97,97,CNIC,6260-9218457-4,rejected,2025-05-30 13:34:33
98,98,passport,0503-6156640-3,pending,2025-12-15 04:23:54
99,99,CNIC,6762-8237755-8,pending,2025-09-13 19:50:27
100,100,passport,5016-2680775-8,verified,2025-12-29 08:05:37
