PaymentID,BookingID,Amount,Method,Status,PaymentDate
1,52,202.72,cash,failed,2026-05-11 20:59:49
2,73,255.39,online,completed,2026-05-11 21:02:26
3,1,246.28,cash,failed,2026-05-11 20:59:42
4,87,69.15,cash,pending,2026-05-11 21:01:09
5,67,270.21,cash,completed,2026-05-11 21:00:29
6,73,269.73,online,pending,2026-05-11 21:04:03
7,82,493.06,online,completed,2026-05-11 21:02:28
8,22,383.21,online,completed,2026-05-11 21:00:22
9,27,141.39,online,completed,2026-05-11 21:03:32
10,67,146.88,online,completed,2026-05-11 21:00:29
11,94,154.59,cash,failed,2026-05-11 21:01:05
12,61,285.35,online,failed,2026-05-11 21:02:34
13,100,164.58,cash,failed,2026-05-11 21:03:23
14,56,293.28,online,pending,2026-05-11 21:01:27
15,86,496.63,cash,completed,2026-05-11 20:58:50
16,82,390.73,cash,pending,2026-05-11 20:58:56
17,92,115.97,online,completed,2026-05-11 21:03:41
18,62,370.05,cash,failed,2026-05-11 20:58:41
19,25,134.78,online,failed,2026-05-11 21:00:12
20,34,436.28,cash,pending,2026-05-11 21:00:49
21,19,106.67,cash,failed,2026-05-11 21:03:44
22,57,183.97,online,failed,2026-05-11 21:01:17
23,4,259.89,cash,failed,2026-05-11 21:03:45
24,45,360.15,online,completed,2026-05-11 21:03:30
25,30,336.54,cash,completed,2026-05-11 20:59:09
26,14,382.89,online,failed,2026-05-11 21:02:06
27,22,497.08,online,failed,2026-05-11 21:01:22
28,97,345.58,online,failed,2026-05-11 20:58:52
29,12,267.8,online,failed,2026-05-11 20:59:45
30,86,156.6,online,failed,2026-05-11 20:59:52
31,35,171.95,online,pending,2026-05-11 21:03:06
32,59,140.99,online,failed,2026-05-11 21:02:39
33,43,480.17,online,completed,2026-05-11 20:58:41
34,46,265.87,online,pending,2026-05-11 21:03:10
35,11,271.52,cash,completed,2026-05-11 21:02:58
36,74,126.68,online,pending,2026-05-11 21:02:00
37,42,99.43,cash,failed,2026-05-11 21:02:16
38,28,397.72,online,completed,2026-05-11 21:02:38
39,92,277.16,online,pending,2026-05-11 21:01:20
40,47,234.19,cash,failed,2026-05-11 21:01:16
41,40,464.15,cash,failed,2026-05-11 21:04:14
42,16,182.08,online,completed,2026-05-11 21:04:32
43,72,402.14,cash,failed,2026-05-11 20:59:08
44,98,456.46,online,pending,2026-05-11 21:00:17
45,87,395.08,cash,pending,2026-05-11 21:01:53
46,79,468.88,cash,failed,2026-05-11 21:00:55
47,98,359.54,cash,pending,2026-05-11 21:03:24
48,50,398.58,online,failed,2026-05-11 20:59:00
49,82,199.37,online,completed,2026-05-11 21:04:08
50,74,464.02,cash,completed,2026-05-11 21:04:31
51,53,413.11,online,failed,2026-05-11 21:03:07
52,78,277.28,cash,failed,2026-05-11 21:02:51
53,81,88.62,cash,completed,2026-05-11 21:04:00
54,68,474.49,cash,pending,2026-05-11 21:00:29
55,15,413.27,cash,pending,2026-05-11 20:58:38
56,11,496.23,online,completed,2026-05-11 20:58:44
57,24,337.95,cash,completed,2026-05-11 21:02:52
58,89,198.82,cash,pending,2026-05-11 21:01:42
59,24,433.71,cash,completed,2026-05-11 21:02:51
60,39,305.45,cash,pending,2026-05-11 21:01:23
61,93,180.02,online,completed,2026-05-11 21:04:22
62,83,88.21,cash,failed,2026-05-11 20:59:00
63,96,475.33,online,completed,2026-05-11 21:03:51
64,97,414.4,cash,pending,2026-05-11 21:03:37
65,15,359.74,cash,completed,2026-05-11 20:59:51
66,55,381.03,cash,failed,2026-05-11 21:03:44
67,71,242.78,cash,completed,2026-05-11 21:00:29
68,96,315.59,cash,pending,2026-05-11 21:01:44
69,71,135.19,cash,completed,2026-05-11 21:00:43
70,13,64.65,online,pending,2026-05-11 21:03:02
71,80,306.52,online,pending,2026-05-11 20:59:37
72,84,339.91,cash,failed,2026-05-11 21:01:52
73,73,156.05,online,failed,2026-05-11 21:04:27
74,15,469.19,online,failed,2026-05-11 21:04:16
75,64,223.23,online,failed,2026-05-11 21:04:19
76,39,58.42,online,completed,2026-05-11 20:59:25
77,49,322.12,online,pending,2026-05-11 21:00:55
78,97,170.24,online,completed,2026-05-11 21:00:26
79,73,379.01,online,failed,2026-05-11 20:59:40
80,10,183.91,cash,completed,2026-05-11 21:01:21
81,27,217.3,cash,failed,2026-05-11 21:00:34
82,94,74.4,online,pending,2026-05-11 20:59:52
83,81,485.34,online,pending,2026-05-11 20:59:00
84,29,285.25,online,failed,2026-05-11 21:02:26
85,50,327.95,cash,failed,2026-05-11 21:02:54
86,42,336.09,online,pending,2026-05-11 20:59:57
87,42,472.16,cash,failed,2026-05-11 20:58:38
88,94,367.5,cash,failed,2026-05-11 21:00:49
89,35,241.64,online,failed,2026-05-11 21:01:52
90,3,118.82,cash,completed,2026-05-11 20:58:39
91,86,212.47,cash,pending,2026-05-11 21:02:04
92,25,284.16,online,completed,2026-05-11 20:59:19
93,96,322.21,online,failed,2026-05-11 21:02:44
94,42,190.95,cash,failed,2026-05-11 21:02:40
95,61,122.25,cash,completed,2026-05-11 20:59:37
96,16,445.33,cash,failed,2026-05-11 20:59:56
97,79,117.68,online,pending,2026-05-11 21:03:52
98,65,184.2,online,completed,2026-05-11 21:01:05
99,8,137.0,online,failed,2026-05-11 21:02:53
100,31,353.27,cash,completed,2026-05-11 20:59:13
