CheckListID,UserID,IdentityVerified,VehicleRegistered,ProfileCompleted,PaymentSetup,UpdatedAt
1,1,1,1,1,1,2026-02-07 22:37:20
2,2,1,0,0,1,2026-05-11 11:43:31
3,3,1,0,0,0,2026-04-25 12:43:55
4,4,0,0,0,1,2026-05-04 05:37:14
5,5,1,0,1,0,2025-06-27 23:50:11
6,6,1,0,0,0,2025-06-28 16:27:27
7,7,1,0,1,1,2025-11-29 09:14:27
8,8,0,1,0,0,2025-05-22 19:18:44
9,9,0,1,0,0,2025-09-01 09:47:59
10,10,0,1,1,0,2025-06-17 17:03:47
11,11,0,1,0,0,2026-03-21 22:34:29
12,12,0,0,1,0,2026-04-12 16:18:52
13,13,0,0,0,0,2026-04-25 07:44:46
14,14,0,1,0,1,2026-01-10 16:41:12
15,15,0,1,1,1,2025-05-29 03:34:20
16,16,0,1,0,0,2026-01-04 22:57:33
17,17,1,0,1,1,2026-01-14 10:02:43
18,18,0,1,1,0,2026-05-02 18:41:59
19,19,0,1,0,1,2025-09-28 05:23:00
20,20,0,0,1,1,2025-06-26 02:48:33
21,21,1,0,0,1,2026-05-03 16:30:07
22,22,1,0,0,0,2025-12-29 21:24:11
23,23,0,1,0,0,2025-07-21 17:53:45
24,24,1,0,0,0,2026-03-20 03:55:00
25,25,1,0,0,0,2025-11-09 20:41:18
26,26,0,0,1,1,2025-08-10 16:20:47
27,27,0,1,1,0,2025-05-24 03:34:08
28,28,0,0,1,0,2025-12-17 04:54:12
29,29,1,0,0,1,2025-10-01 10:22:46
30,30,0,0,1,1,2025-07-18 04:41:59
31,31,1,1,0,1,2026-04-03 08:20:40
32,32,0,1,1,0,2025-11-06 02:24:27
33,33,1,0,0,0,2026-03-18 12:26:49
34,34,0,1,0,0,2025-08-24 14:44:40
35,35,0,0,1,1,2025-11-27 08:07:08
36,36,0,1,0,0,2025-05-23 18:16:09
37,37,0,0,0,1,2026-03-27 12:18:45
38,38,1,0,1,0,2025-11-07 06:34:59
39,39,1,0,0,1,2026-04-15 09:00:46
40,40,1,0,1,1,2025-08-01 05:29:11
41,41,1,1,1,0,2026-05-08 11:06:43
42,42,1,0,0,0,2025-10-25 08:32:17
43,43,0,0,1,0,2026-02-25 00:34:45
44,44,0,0,1,0,2026-01-02 23:16:05
45,45,0,0,0,0,2025-08-02 18:06:39
46,46,0,0,0,1,2025-08-19 19:51:00
47,47,0,1,0,0,2025-07-05 17:15:18
48,48,0,1,0,0,2025-11-21 07:28:06
49,49,1,0,1,1,2025-11-04 02:51:18
50,50,0,0,0,0,2025-12-19 07:16:51
51,51,1,0,1,1,2025-07-16 03:22:51
52,52,0,1,0,0,2025-11-13 06:18:38
53,53,1,0,0,1,2026-01-28 18:35:05
54,54,0,0,0,1,2025-10-19 08:30:11
55,55,0,0,0,1,2026-02-07 21:53:14
56,56,0,0,0,0,2026-03-02 06:13:31
57,57,1,0,0,1,2025-11-01 20:17:57
58,58,1,0,1,0,2026-04-13 17:14:57
59,59,0,1,0,1,2025-08-23 11:53:13
60,60,0,1,0,1,2025-11-11 10:29:17
61,61,1,1,1,1,2026-02-10 09:59:03
62,62,1,0,0,1,2025-10-30 00:00:04
63,63,0,0,1,1,2025-11-21 14:22:49
64,64,1,1,1,1,2025-12-24 10:48:14
65,65,1,1,1,1,2025-06-21 21:22:52
66,66,0,0,0,1,2026-01-25 05:10:18
67,67,0,1,1,1,2026-03-25 11:29:52
68,68,1,0,0,1,2025-09-13 19:44:50
69,69,0,0,0,1,2025-05-31 06:14:30
70,70,1,0,0,1,2025-05-18 12:01:35
71,71,0,1,1,1,2026-04-16 00:57:19
72,72,1,0,1,1,2025-11-05 17:45:38
73,73,0,1,0,1,2025-08-01 10:54:02
74,74,0,0,1,1,2025-11-04 23:44:41
75,75,1,1,1,0,2025-10-23 14:00:52
76,76,0,0,0,1,2026-03-03 12:25:35
77,77,1,1,1,1,2025-09-26 05:17:02
78,78,0,0,1,0,2026-01-10 22:30:41
79,79,0,1,1,0,2025-06-12 18:54:17
80,80,1,0,1,1,2026-02-10 16:15:14
81,81,1,1,1,0,2025-12-13 18:22:00
82,82,0,0,1,0,2025-08-15 16:23:13
83,83,0,0,1,1,2025-06-27 20:44:20
84,84,1,0,0,1,2026-04-28 19:08:53
85,85,0,0,0,1,2025-10-04 20:39:19
86,86,0,1,1,0,2025-12-26 00:21:30
87,87,0,0,1,1,2025-09-05 21:23:06
88,88,0,0,0,0,2025-08-23 06:09:54
89,89,0,0,1,0,2025-05-22 05:08:31
90,90,1,1,1,0,2025-12-16 15:24:58
91,91,0,1,1,1,2025-12-30 08:14:24
92,92,1,1,1,1,2025-06-25 21:21:54
93,93,0,1,0,1,2025-06-20 13:19:51
94,94,1,1,1,1,2026-05-10 05:16:50
95,95,0,1,0,1,2026-02-24 07:48:53
96,96,1,0,0,0,2025-06-15 18:59:09
97,97,1,1,1,1,2025-06-14 03:30:48
98,98,0,0,1,1,2025-06-02 16:11:16
99,99,1,0,0,0,2026-05-07 21:19:11
100,100,0,0,1,0,2025-12-15 11:52:16
